INSERT INTO ORGAO_PUBLICO (CNPJ, RAZAO_SOCIAL, NOME, RUA, BAIRRO, NUMERO, CEP)
VALUES ('11111111000101', 'Prefeitura Municipal de São Paulo', 'Prefeitura SP',
        'Viaduto do Chá', 'Centro', 15, '01002000');

INSERT INTO ORGAO_PUBLICO (CNPJ, RAZAO_SOCIAL, NOME, RUA, BAIRRO, NUMERO, CEP)
VALUES ('22222222000102', 'Governo do Estado de São Paulo', 'Governo SP',
        'Avenida Morumbi', 'Morumbi', 4500, '05650005');

INSERT INTO ORGAO_PUBLICO (CNPJ, RAZAO_SOCIAL, NOME, RUA, BAIRRO, NUMERO, CEP)
VALUES ('33333333000103', 'Secretaria Municipal de Transportes', 'SMT SP',
        'Rua Líbero Badaró', 'Centro', 250, '01008000');

INSERT INTO ORGAO_PUBLICO (CNPJ, RAZAO_SOCIAL, NOME, RUA, BAIRRO, NUMERO, CEP)
VALUES ('44444444000104', 'Secretaria de Mobilidade Urbana', 'SMU SP',
        'Avenida Paulista', 'Bela Vista', 900, '01310000');

INSERT INTO ORGAO_PUBLICO (CNPJ, RAZAO_SOCIAL, NOME, RUA, BAIRRO, NUMERO, CEP)
VALUES ('55555555000105', 'Agência Metropolitana de Transportes', 'AMT SP',
        'Avenida do Estado', 'Cambuci', 1200, '01516000');


INSERT INTO EMPRESA_PUBLICA (CNPJ, RAZAO_SOCIAL, NOME, CNPJ_ORGAO_PUBLICO)
VALUES ('66666666000106', 'SPTrans - São Paulo Transporte S/A', 'SPTrans',
        '11111111000101');

INSERT INTO EMPRESA_PUBLICA (CNPJ, RAZAO_SOCIAL, NOME, CNPJ_ORGAO_PUBLICO)
VALUES ('77777777000107', 'EMTU - Empresa Metropolitana de Transportes Urbanos', 'EMTU',
        '22222222000102');

INSERT INTO EMPRESA_PUBLICA (CNPJ, RAZAO_SOCIAL, NOME, CNPJ_ORGAO_PUBLICO)
VALUES ('88888888000108', 'Viação Centro LTDA', 'Viação Centro',
        '33333333000103');

INSERT INTO EMPRESA_PUBLICA (CNPJ, RAZAO_SOCIAL, NOME, CNPJ_ORGAO_PUBLICO)
VALUES ('99999999000109', 'Viação Leste LTDA', 'Viação Leste',
        '33333333000103');

INSERT INTO EMPRESA_PUBLICA (CNPJ, RAZAO_SOCIAL, NOME, CNPJ_ORGAO_PUBLICO)
VALUES ('10101010000110', 'Viação Oeste LTDA', 'Viação Oeste',
        '44444444000104');


INSERT INTO USUARIO (CPF, TIPO) VALUES ('11111111111', 'C');
INSERT INTO USUARIO (CPF, TIPO) VALUES ('22222222222', 'C');
INSERT INTO USUARIO (CPF, TIPO) VALUES ('33333333333', 'C');
INSERT INTO USUARIO (CPF, TIPO) VALUES ('44444444444', 'G');
INSERT INTO USUARIO (CPF, TIPO) VALUES ('55555555555', 'G');
INSERT INTO USUARIO (CPF, TIPO) VALUES ('12345678901', 'C');


INSERT INTO USUARIO_CIDADAO (CPF, RUA, BAIRRO, NUMERO, CEP, STATUS, EMAIL, SENHA)
VALUES ('11111111111', 'Rua das Flores', 'Centro', 100, '01001000', 'A',
        'ana.silva@example.com', 'senhaAna123');

INSERT INTO USUARIO_CIDADAO (CPF, RUA, BAIRRO, NUMERO, CEP, STATUS, EMAIL, SENHA)
VALUES ('22222222222', 'Avenida Paulista', 'Bela Vista', 1500, '01311000', 'A',
        'bruno.souza@example.com', 'senhaBruno456');

INSERT INTO USUARIO_CIDADAO (CPF, RUA, BAIRRO, NUMERO, CEP, STATUS, EMAIL, SENHA)
VALUES ('33333333333', 'Rua Augusta', 'Consolação', 300, '01305000', 'I',
        'carla.oliveira@example.com', 'senhaCarla789');

INSERT INTO USUARIO_CIDADAO (CPF, RUA, BAIRRO, NUMERO, CEP, STATUS, EMAIL, SENHA)
VALUES ('44444444444', 'Rua XV de Novembro', 'Centro', 220, '01012000', 'A',
        'daniel.gestor@example.com', 'senhaDaniel321');

INSERT INTO USUARIO_CIDADAO (CPF, RUA, BAIRRO, NUMERO, CEP, STATUS, EMAIL, SENHA)
VALUES ('55555555555', 'Rua do Carmo', 'Sé', 80, '01019020', 'A',
        'eduarda.gestora@example.com', 'senhaEduarda654');


INSERT INTO USUARIO_CIDADAO (CPF, RUA, BAIRRO, NUMERO, CEP, STATUS, EMAIL, SENHA)
VALUES('12345678901', 'Rua salomao dibbo', 'Jardim luftalla',22, '12345678', 'A', 'cacau@gmail.com', '123');

INSERT INTO USUARIO_GESTOR (CPF, RUA, BAIRRO, NUMERO, CEP, CARGO, EMAIL, SENHA, CNPJ_ORGAO_PUBLICO)
VALUES ('11111111111', 'Rua das Flores', 'Centro', 100, '01001000',
        'Assessor Técnico', 'ana.gestora@example.com', 'gestAna123', '33333333000103');

INSERT INTO USUARIO_GESTOR (CPF, RUA, BAIRRO, NUMERO, CEP, CARGO, EMAIL, SENHA, CNPJ_ORGAO_PUBLICO)
VALUES ('22222222222', 'Avenida Paulista', 'Bela Vista', 1500, '01311000',
        'Estagiário', 'bruno.gestor@example.com', 'gestBruno456', '44444444000104');

INSERT INTO USUARIO_GESTOR (CPF, RUA, BAIRRO, NUMERO, CEP, CARGO, EMAIL, SENHA, CNPJ_ORGAO_PUBLICO)
VALUES ('33333333333', 'Rua Augusta', 'Consolação', 300, '01305000',
        'Analista de Dados', 'carla.gestora@example.com', 'gestCarla789', '55555555000105');

INSERT INTO USUARIO_GESTOR (CPF, RUA, BAIRRO, NUMERO, CEP, CARGO, EMAIL, SENHA, CNPJ_ORGAO_PUBLICO)
VALUES ('44444444444', 'Rua XV de Novembro', 'Centro', 220, '01012000',
        'Coordenador de Transportes', 'daniel.gestor@example.com', 'gestDaniel321', '11111111000101');

INSERT INTO USUARIO_GESTOR (CPF, RUA, BAIRRO, NUMERO, CEP, CARGO, EMAIL, SENHA, CNPJ_ORGAO_PUBLICO)
VALUES ('55555555555', 'Rua do Carmo', 'Sé', 80, '01019020',
        'Diretora de Mobilidade', 'eduarda.gestora@example.com', 'gestEduarda654', '22222222000102');


INSERT INTO LINHA (NOME_CODIGO, TARIFA, TEMPO_PERCURSO, ATIVO, CNPJ_EMPRESA_PUBLICA)
VALUES ('L8000-10', 4.40, 60, 'S', '66666666000106');

INSERT INTO LINHA (NOME_CODIGO, TARIFA, TEMPO_PERCURSO, ATIVO, CNPJ_EMPRESA_PUBLICA)
VALUES ('L8000-20', 4.40, 55, 'S', '66666666000106');

INSERT INTO LINHA (NOME_CODIGO, TARIFA, TEMPO_PERCURSO, ATIVO, CNPJ_EMPRESA_PUBLICA)
VALUES ('L8500-10', 5.50, 75, 'S', '77777777000107');

INSERT INTO LINHA (NOME_CODIGO, TARIFA, TEMPO_PERCURSO, ATIVO, CNPJ_EMPRESA_PUBLICA)
VALUES ('L9000-10', 4.80, 50, 'N', '88888888000108');

INSERT INTO LINHA (NOME_CODIGO, TARIFA, TEMPO_PERCURSO, ATIVO, CNPJ_EMPRESA_PUBLICA)
VALUES ('L9001-00', 4.80, 40, 'S', '99999999000109');



INSERT INTO PONTO_PARADA (
    NOME_CODIGO_LINHA, NRO_PARADA, RUA, BAIRRO, NUMERO, CEP,
    PRESENCA_COBERTURA, EH_ORIGEM, EH_DESTINO
) VALUES (
    'L8000-10', 1, 'Terminal A', 'Centro', 0, '01001001',
    'S', 'S', 'N'
);

INSERT INTO PONTO_PARADA (
    NOME_CODIGO_LINHA, NRO_PARADA, RUA, BAIRRO, NUMERO, CEP,
    PRESENCA_COBERTURA, EH_ORIGEM, EH_DESTINO
) VALUES (
    'L8000-10', 2, 'Rua da Consolação', 'Consolação', 500, '01302000',
    'N', 'N', 'N'
);

INSERT INTO PONTO_PARADA (
    NOME_CODIGO_LINHA, NRO_PARADA, RUA, BAIRRO, NUMERO, CEP,
    PRESENCA_COBERTURA, EH_ORIGEM, EH_DESTINO
) VALUES (
    'L8000-10', 3, 'Terminal B', 'Jardins', 0, '01415000',
    'S', 'N', 'S'
);

INSERT INTO PONTO_PARADA (
    NOME_CODIGO_LINHA, NRO_PARADA, RUA, BAIRRO, NUMERO, CEP,
    PRESENCA_COBERTURA, EH_ORIGEM, EH_DESTINO
) VALUES (
    'L8500-10', 1, 'Terminal Metropolitano X', 'Centro', 0, '03011000',
    'S', 'S', 'N'
);

INSERT INTO PONTO_PARADA (
    NOME_CODIGO_LINHA, NRO_PARADA, RUA, BAIRRO, NUMERO, CEP,
    PRESENCA_COBERTURA, EH_ORIGEM, EH_DESTINO
) VALUES (
    'L8500-10', 2, 'Avenida dos Estados', 'Industrial', 1000, '09220100',
    'N', 'N', 'S'
);


INSERT INTO ONIBUS (
    PLACA, NRO_PASSAGEIROS, ANO_FABRICACAO, ACESSIBILIDADE,
    NOME_CODIGO_LINHA, HORARIO_INICIO, HORARIO_FINAL
) VALUES (
    'ABC1D23', 40, 2018, 'S',
    'L8000-10',
    TIMESTAMP '2025-11-29 05:00:00',
    TIMESTAMP '2025-11-29 23:00:00'
);

INSERT INTO ONIBUS (
    PLACA, NRO_PASSAGEIROS, ANO_FABRICACAO, ACESSIBILIDADE,
    NOME_CODIGO_LINHA, HORARIO_INICIO, HORARIO_FINAL
) VALUES (
    'EFG4H56', 50, 2020, 'S',
    'L8000-20',
    TIMESTAMP '2025-11-29 05:30:00',
    TIMESTAMP '2025-11-29 22:30:00'
);

INSERT INTO ONIBUS (
    PLACA, NRO_PASSAGEIROS, ANO_FABRICACAO, ACESSIBILIDADE,
    NOME_CODIGO_LINHA, HORARIO_INICIO, HORARIO_FINAL
) VALUES (
    'IJK7L89', 45, 2019, 'S',
    'L8500-10',
    TIMESTAMP '2025-11-29 06:00:00',
    TIMESTAMP '2025-11-29 21:00:00'
);

INSERT INTO ONIBUS (
    PLACA, NRO_PASSAGEIROS, ANO_FABRICACAO, ACESSIBILIDADE,
    NOME_CODIGO_LINHA, HORARIO_INICIO, HORARIO_FINAL
) VALUES (
    'MNO1P23', 38, 2017, 'N',
    'L9000-10',
    TIMESTAMP '2025-11-29 04:30:00',
    TIMESTAMP '2025-11-29 23:30:00'
);

INSERT INTO ONIBUS (
    PLACA, NRO_PASSAGEIROS, ANO_FABRICACAO, ACESSIBILIDADE,
    NOME_CODIGO_LINHA, HORARIO_INICIO, HORARIO_FINAL
) VALUES (
    'QRS4T56', 42, 2021, 'S',
    'L9001-00',
    TIMESTAMP '2025-11-29 05:15:00',
    TIMESTAMP '2025-11-29 20:15:00'
);



INSERT INTO VIAGEM (
    CPF_CIDADAO, PLACA_ONIBUS, DATAHORA_INICIO, DATAHORA_FINAL,
    CUSTO_TOTAL,
    NOME_CODIGO_LINHA_EMBARQUE, NRO_PARADA_EMBARQUE,
    NOME_CODIGO_LINHA_DESEMBARQUE, NRO_PARADA_DESEMBARQUE
) VALUES (
    '11111111111',
    'ABC1D23',
    TIMESTAMP '2025-11-29 07:00:00',
    TIMESTAMP '2025-11-29 07:45:00',
    4.40,
    'L8000-10', 1,
    'L8000-10', 3
);

INSERT INTO VIAGEM (
    CPF_CIDADAO, PLACA_ONIBUS, DATAHORA_INICIO, DATAHORA_FINAL,
    CUSTO_TOTAL,
    NOME_CODIGO_LINHA_EMBARQUE, NRO_PARADA_EMBARQUE,
    NOME_CODIGO_LINHA_DESEMBARQUE, NRO_PARADA_DESEMBARQUE
) VALUES (
    '22222222222',
    'ABC1D23',
    TIMESTAMP '2025-11-29 08:10:00',
    TIMESTAMP '2025-11-29 08:40:00',
    4.40,
    'L8000-10', 2,
    'L8000-10', 3
);

INSERT INTO VIAGEM (
    CPF_CIDADAO, PLACA_ONIBUS, DATAHORA_INICIO, DATAHORA_FINAL,
    CUSTO_TOTAL,
    NOME_CODIGO_LINHA_EMBARQUE, NRO_PARADA_EMBARQUE,
    NOME_CODIGO_LINHA_DESEMBARQUE, NRO_PARADA_DESEMBARQUE
) VALUES (
    '33333333333',
    'IJK7L89',
    TIMESTAMP '2025-11-29 09:00:00',
    TIMESTAMP '2025-11-29 09:50:00',
    5.50,
    'L8500-10', 1,
    'L8500-10', 2
);

INSERT INTO VIAGEM (
    CPF_CIDADAO, PLACA_ONIBUS, DATAHORA_INICIO, DATAHORA_FINAL,
    CUSTO_TOTAL,
    NOME_CODIGO_LINHA_EMBARQUE, NRO_PARADA_EMBARQUE,
    NOME_CODIGO_LINHA_DESEMBARQUE, NRO_PARADA_DESEMBARQUE
) VALUES (
    '44444444444',
    'IJK7L89',
    TIMESTAMP '2025-11-29 10:30:00',
    TIMESTAMP '2025-11-29 11:20:00',
    5.50,
    'L8500-10', 1,
    'L8500-10', 2
);

INSERT INTO VIAGEM (
    CPF_CIDADAO, PLACA_ONIBUS, DATAHORA_INICIO, DATAHORA_FINAL,
    CUSTO_TOTAL,
    NOME_CODIGO_LINHA_EMBARQUE, NRO_PARADA_EMBARQUE,
    NOME_CODIGO_LINHA_DESEMBARQUE, NRO_PARADA_DESEMBARQUE
) VALUES (
    '55555555555',
    'ABC1D23',
    TIMESTAMP '2025-11-29 12:00:00',
    TIMESTAMP '2025-11-29 12:30:00',
    4.40,
    'L8000-10', 1,
    'L8000-10', 2
);



INSERT INTO VIAGEM (
    CPF_CIDADAO, PLACA_ONIBUS, DATAHORA_INICIO, DATAHORA_FINAL,
    CUSTO_TOTAL,
    NOME_CODIGO_LINHA_EMBARQUE, NRO_PARADA_EMBARQUE,
    NOME_CODIGO_LINHA_DESEMBARQUE, NRO_PARADA_DESEMBARQUE
) VALUES (
    '12345678901',
    'ABC1D23',
    TIMESTAMP '2025-11-30 07:10:00',
    TIMESTAMP '2025-11-30 07:40:00',
    4.40,
    'L8000-10', 1,
    'L8000-10', 2
);

INSERT INTO VIAGEM (
    CPF_CIDADAO, PLACA_ONIBUS, DATAHORA_INICIO, DATAHORA_FINAL,
    CUSTO_TOTAL,
    NOME_CODIGO_LINHA_EMBARQUE, NRO_PARADA_EMBARQUE,
    NOME_CODIGO_LINHA_DESEMBARQUE, NRO_PARADA_DESEMBARQUE
) VALUES (
    '12345678901',
    'ABC1D23',
    TIMESTAMP '2025-11-30 12:15:00',
    TIMESTAMP '2025-11-30 12:45:00',
    4.40,
    'L8000-10', 2,
    'L8000-10', 3
);

INSERT INTO VIAGEM (
    CPF_CIDADAO, PLACA_ONIBUS, DATAHORA_INICIO, DATAHORA_FINAL,
    CUSTO_TOTAL,
    NOME_CODIGO_LINHA_EMBARQUE, NRO_PARADA_EMBARQUE,
    NOME_CODIGO_LINHA_DESEMBARQUE, NRO_PARADA_DESEMBARQUE
) VALUES (
    '12345678901',
    'ABC1D23',
    TIMESTAMP '2025-11-30 18:00:00',
    TIMESTAMP '2025-11-30 18:50:00',
    4.40,
    'L8000-10', 1,
    'L8000-10', 3
);

INSERT INTO VIAGEM (
    CPF_CIDADAO, PLACA_ONIBUS, DATAHORA_INICIO, DATAHORA_FINAL,
    CUSTO_TOTAL,
    NOME_CODIGO_LINHA_EMBARQUE, NRO_PARADA_EMBARQUE,
    NOME_CODIGO_LINHA_DESEMBARQUE, NRO_PARADA_DESEMBARQUE
) VALUES (
    '12345678901',
    'IJK7L89',
    TIMESTAMP '2025-12-01 08:00:00',
    TIMESTAMP '2025-12-01 08:55:00',
    5.50,
    'L8500-10', 1,
    'L8500-10', 2
);

INSERT INTO VIAGEM (
    CPF_CIDADAO, PLACA_ONIBUS, DATAHORA_INICIO, DATAHORA_FINAL,
    CUSTO_TOTAL,
    NOME_CODIGO_LINHA_EMBARQUE, NRO_PARADA_EMBARQUE,
    NOME_CODIGO_LINHA_DESEMBARQUE, NRO_PARADA_DESEMBARQUE
) VALUES (
    '12345678901',
    'IJK7L89',
    TIMESTAMP '2025-12-02 17:30:00',
    TIMESTAMP '2025-12-02 18:20:00',
    5.50,
    'L8500-10', 1,
    'L8500-10', 2
);

INSERT INTO USUARIO (CPF, TIPO) VALUES ('11122233344', 'C');

INSERT INTO USUARIO_CIDADAO (CPF, RUA, BAIRRO, NUMERO, CEP, STATUS, EMAIL, SENHA)
VALUES ('11122233344', 'Rua das Acácias', 'Vila Mariana', 150, '04101000', 'A',
        'maria.santos@test.com', 'senha123');

INSERT INTO USUARIO (CPF, TIPO) VALUES ('22233344455', 'C');

INSERT INTO USUARIO_CIDADAO (CPF, RUA, BAIRRO, NUMERO, CEP, STATUS, EMAIL, SENHA)
VALUES ('22233344455', 'Avenida Brigadeiro Faria Lima', 'Pinheiros', 2500, '05451000', 'A',
        'joao.oliveira@test.com', 'senha456');

INSERT INTO USUARIO (CPF, TIPO) VALUES ('33344455566', 'C');

INSERT INTO USUARIO_CIDADAO (CPF, RUA, BAIRRO, NUMERO, CEP, STATUS, EMAIL, SENHA)
VALUES ('33344455566', 'Rua Vergueiro', 'Liberdade', 800, '01504000', 'A',
        'paula.costa@test.com', 'senha789');

INSERT INTO USUARIO (CPF, TIPO) VALUES ('44455566677', 'C');

INSERT INTO USUARIO_CIDADAO (CPF, RUA, BAIRRO, NUMERO, CEP, STATUS, EMAIL, SENHA)
VALUES ('44455566677', 'Rua Oscar Freire', 'Jardins', 1200, '01426000', 'I',
        'roberto.lima@test.com', 'senha321');

INSERT INTO USUARIO (CPF, TIPO) VALUES ('55566677788', 'C');

INSERT INTO USUARIO_CIDADAO (CPF, RUA, BAIRRO, NUMERO, CEP, STATUS, EMAIL, SENHA)
VALUES ('55566677788', 'Avenida Rebouças', 'Cerqueira César', 3000, '05402000', 'A',
        'fernanda.alves@test.com', 'senha654');



INSERT INTO VIAGEM (
    CPF_CIDADAO, PLACA_ONIBUS, DATAHORA_INICIO, DATAHORA_FINAL,
    CUSTO_TOTAL,
    NOME_CODIGO_LINHA_EMBARQUE, NRO_PARADA_EMBARQUE,
    NOME_CODIGO_LINHA_DESEMBARQUE, NRO_PARADA_DESEMBARQUE
) VALUES (
    '11122233344', 'ABC1D23',
    TIMESTAMP '2025-11-28 08:00:00', TIMESTAMP '2025-11-28 08:45:00',
    4.40,
    'L8000-10', 1, 'L8000-10', 3
);

INSERT INTO VIAGEM (
    CPF_CIDADAO, PLACA_ONIBUS, DATAHORA_INICIO, DATAHORA_FINAL,
    CUSTO_TOTAL,
    NOME_CODIGO_LINHA_EMBARQUE, NRO_PARADA_EMBARQUE,
    NOME_CODIGO_LINHA_DESEMBARQUE, NRO_PARADA_DESEMBARQUE
) VALUES (
    '11122233344', 'ABC1D23',
    TIMESTAMP '2025-11-28 18:00:00', TIMESTAMP '2025-11-28 18:45:00',
    4.40,
    'L8000-10', 3, 'L8000-10', 1
);

INSERT INTO VIAGEM (
    CPF_CIDADAO, PLACA_ONIBUS, DATAHORA_INICIO, DATAHORA_FINAL,
    CUSTO_TOTAL,
    NOME_CODIGO_LINHA_EMBARQUE, NRO_PARADA_EMBARQUE,
    NOME_CODIGO_LINHA_DESEMBARQUE, NRO_PARADA_DESEMBARQUE
) VALUES (
    '22233344455', 'ABC1D23',
    TIMESTAMP '2025-11-27 07:30:00', TIMESTAMP '2025-11-27 08:15:00',
    4.40,
    'L8000-10', 1, 'L8000-10', 2
);

INSERT INTO VIAGEM (
    CPF_CIDADAO, PLACA_ONIBUS, DATAHORA_INICIO, DATAHORA_FINAL,
    CUSTO_TOTAL,
    NOME_CODIGO_LINHA_EMBARQUE, NRO_PARADA_EMBARQUE,
    NOME_CODIGO_LINHA_DESEMBARQUE, NRO_PARADA_DESEMBARQUE
) VALUES (
    '22233344455', 'IJK7L89',
    TIMESTAMP '2025-11-27 17:00:00', TIMESTAMP '2025-11-27 17:50:00',
    5.50,
    'L8500-10', 1, 'L8500-10', 2
);

INSERT INTO VIAGEM (
    CPF_CIDADAO, PLACA_ONIBUS, DATAHORA_INICIO, DATAHORA_FINAL,
    CUSTO_TOTAL,
    NOME_CODIGO_LINHA_EMBARQUE, NRO_PARADA_EMBARQUE,
    NOME_CODIGO_LINHA_DESEMBARQUE, NRO_PARADA_DESEMBARQUE
) VALUES (
    '22233344455', 'ABC1D23',
    TIMESTAMP '2025-11-28 09:00:00', TIMESTAMP '2025-11-28 09:40:00',
    4.40,
    'L8000-10', 2, 'L8000-10', 3
);

INSERT INTO VIAGEM (
    CPF_CIDADAO, PLACA_ONIBUS, DATAHORA_INICIO, DATAHORA_FINAL,
    CUSTO_TOTAL,
    NOME_CODIGO_LINHA_EMBARQUE, NRO_PARADA_EMBARQUE,
    NOME_CODIGO_LINHA_DESEMBARQUE, NRO_PARADA_DESEMBARQUE
) VALUES (
    '33344455566', 'IJK7L89',
    TIMESTAMP '2025-11-26 08:00:00', TIMESTAMP '2025-11-26 08:55:00',
    5.50,
    'L8500-10', 1, 'L8500-10', 2
);

INSERT INTO VIAGEM (
    CPF_CIDADAO, PLACA_ONIBUS, DATAHORA_INICIO, DATAHORA_FINAL,
    CUSTO_TOTAL,
    NOME_CODIGO_LINHA_EMBARQUE, NRO_PARADA_EMBARQUE,
    NOME_CODIGO_LINHA_DESEMBARQUE, NRO_PARADA_DESEMBARQUE
) VALUES (
    '55566677788', 'ABC1D23',
    TIMESTAMP '2025-11-25 14:00:00', TIMESTAMP '2025-11-25 14:45:00',
    4.40,
    'L8000-10', 1, 'L8000-10', 3
);

INSERT INTO VIAGEM (
    CPF_CIDADAO, PLACA_ONIBUS, DATAHORA_INICIO, DATAHORA_FINAL,
    CUSTO_TOTAL,
    NOME_CODIGO_LINHA_EMBARQUE, NRO_PARADA_EMBARQUE,
    NOME_CODIGO_LINHA_DESEMBARQUE, NRO_PARADA_DESEMBARQUE
) VALUES (
    '55566677788', 'IJK7L89',
    TIMESTAMP '2025-11-26 10:00:00', TIMESTAMP '2025-11-26 10:50:00',
    5.50,
    'L8500-10', 1, 'L8500-10', 2
);



INSERT INTO USUARIO (CPF, TIPO) VALUES ('66677788899', 'G');

INSERT INTO USUARIO_GESTOR (CPF, RUA, BAIRRO, NUMERO, CEP, CARGO, EMAIL, SENHA, CNPJ_ORGAO_PUBLICO)
VALUES ('66677788899', 'Rua Boa Vista', 'Centro', 100, '01014000',
        'Analista de Transportes', 'ricardo.mendes@test.com', 'gestor123', '11111111000101');

INSERT INTO USUARIO (CPF, TIPO) VALUES ('77788899900', 'G');

INSERT INTO USUARIO_GESTOR (CPF, RUA, BAIRRO, NUMERO, CEP, CARGO, EMAIL, SENHA, CNPJ_ORGAO_PUBLICO)
VALUES ('77788899900', 'Avenida Rio Branco', 'Campos Elíseos', 500, '01201000',
        'Coordenadora de Mobilidade', 'silvia.rodrigues@test.com', 'gestor456', '22222222000102');

INSERT INTO USUARIO (CPF, TIPO) VALUES ('88899900011', 'G');

INSERT INTO USUARIO_GESTOR (CPF, RUA, BAIRRO, NUMERO, CEP, CARGO, EMAIL, SENHA, CNPJ_ORGAO_PUBLICO)
VALUES ('88899900011', 'Rua da Consolação', 'Consolação', 1800, '01302000',
        'Supervisor de Operações', 'marcos.ferreira@test.com', 'gestor789', '33333333000103');

INSERT INTO USUARIO (CPF, TIPO) VALUES ('99900011122', 'G');

INSERT INTO USUARIO_GESTOR (CPF, RUA, BAIRRO, NUMERO, CEP, CARGO, EMAIL, SENHA, CNPJ_ORGAO_PUBLICO)
VALUES ('99900011122', 'Avenida Faria Lima', 'Itaim Bibi', 3500, '04538000',
        'Diretora de Planejamento', 'luciana.barbosa@test.com', 'gestor321', '44444444000104');

INSERT INTO USUARIO (CPF, TIPO) VALUES ('00011122233', 'G');

INSERT INTO USUARIO_GESTOR (CPF, RUA, BAIRRO, NUMERO, CEP, CARGO, EMAIL, SENHA, CNPJ_ORGAO_PUBLICO)
VALUES ('00011122233', 'Rua Augusta', 'Jardins', 2000, '01413000',
        'Assessor Técnico', 'felipe.santos@test.com', 'gestor654', '55555555000105');
